Name,Image,Rank,Description,coolBeans,Group
Alabama 2022,https://raw.githubusercontent.com/tsapinswiki/tsapinswiki.github.io/main/TSA%20Pins%20Photos/Alabama/2022.jpg,N/A,N/A,N/A,State
American-Samoa 2024,https://raw.githubusercontent.com/tsapinswiki/tsapinswiki.github.io/main/TSA%20Pins%20Photos/American-Samoa/2024.jpg,N/A,N/A,N/A,State
Arkansas 2024,https://raw.githubusercontent.com/tsapinswiki/tsapinswiki.github.io/main/TSA%20Pins%20Photos/Arkansas/2024.jpg,N/A,N/A,N/A,State
Arkansas 2023,https://raw.githubusercontent.com/tsapinswiki/tsapinswiki.github.io/main/TSA%20Pins%20Photos/Arkansas/2023.jpg,N/A,N/A,N/A,State
Califorina 20XX,https://raw.githubusercontent.com/tsapinswiki/tsapinswiki.github.io/main/TSA%20Pins%20Photos/Califorina/20xx.jpg,N/A,N/A,N/A,State
Colorado 2024,https://raw.githubusercontent.com/tsapinswiki/tsapinswiki.github.io/main/TSA%20Pins%20Photos/Colorado/2024.jpg,N/A,N/A,N/A,State
Colorado 2023,https://raw.githubusercontent.com/tsapinswiki/tsapinswiki.github.io/main/TSA%20Pins%20Photos/Colorado/2023.jpg,N/A,N/A,N/A,State
Colorado 2022,https://raw.githubusercontent.com/tsapinswiki/tsapinswiki.github.io/main/TSA%20Pins%20Photos/Colorado/2022.jpg,N/A,N/A,N/A,State
Colorado 201X,https://raw.githubusercontent.com/tsapinswiki/tsapinswiki.github.io/main/TSA%20Pins%20Photos/Colorado/201x.jpg,N/A,N/A,N/A,State
Colorado 20XX,https://raw.githubusercontent.com/tsapinswiki/tsapinswiki.github.io/main/TSA%20Pins%20Photos/Colorado/20xx.jpg,N/A,N/A,N/A,State
DC 20XX,https://raw.githubusercontent.com/tsapinswiki/tsapinswiki.github.io/main/TSA%20Pins%20Photos/DC/20xx.jpg,N/A,N/A,N/A,State
Delaware 2024,https://raw.githubusercontent.com/tsapinswiki/tsapinswiki.github.io/main/TSA%20Pins%20Photos/Delaware/2024.jpg,N/A,N/A,N/A,State
Delaware 201X,https://raw.githubusercontent.com/tsapinswiki/tsapinswiki.github.io/main/TSA%20Pins%20Photos/Delaware/201x.jpg,N/A,N/A,N/A,State
Delaware 20XX,https://raw.githubusercontent.com/tsapinswiki/tsapinswiki.github.io/main/TSA%20Pins%20Photos/Delaware/20xx.jpg,N/A,N/A,N/A,State
Florida 2024,https://raw.githubusercontent.com/tsapinswiki/tsapinswiki.github.io/main/TSA%20Pins%20Photos/Florida/2024.jpg,N/A,N/A,N/A,State
Florida 2023,https://raw.githubusercontent.com/tsapinswiki/tsapinswiki.github.io/main/TSA%20Pins%20Photos/Florida/2023.jpg,N/A,N/A,N/A,State
Georgia 2023,https://raw.githubusercontent.com/tsapinswiki/tsapinswiki.github.io/main/TSA%20Pins%20Photos/Georgia/2023.jpg,N/A,N/A,N/A,State
Georgia 2022,https://raw.githubusercontent.com/tsapinswiki/tsapinswiki.github.io/main/TSA%20Pins%20Photos/Georgia/2022.jpg,N/A,N/A,N/A,State
Georgia 2021,https://raw.githubusercontent.com/tsapinswiki/tsapinswiki.github.io/main/TSA%20Pins%20Photos/Georgia/2021.jpg,N/A,N/A,N/A,State
Georgia 20XX,https://raw.githubusercontent.com/tsapinswiki/tsapinswiki.github.io/main/TSA%20Pins%20Photos/Georgia/20xx.jpg,N/A,N/A,N/A,State
Germany 20XX,https://raw.githubusercontent.com/tsapinswiki/tsapinswiki.github.io/main/TSA%20Pins%20Photos/Germany/20xx.jpg,N/A,N/A,N/A,State
Idaho 2023,https://raw.githubusercontent.com/tsapinswiki/tsapinswiki.github.io/main/TSA%20Pins%20Photos/Idaho/2023.jpg,N/A,N/A,N/A,State
Idaho 2013,https://raw.githubusercontent.com/tsapinswiki/tsapinswiki.github.io/main/TSA%20Pins%20Photos/Idaho/2013.jpg,N/A,N/A,N/A,State
Iowa 20XX,https://raw.githubusercontent.com/tsapinswiki/tsapinswiki.github.io/main/TSA%20Pins%20Photos/Iowa/20xx.jpg,N/A,N/A,N/A,State
Kentucky 2023,https://raw.githubusercontent.com/tsapinswiki/tsapinswiki.github.io/main/TSA%20Pins%20Photos/Kentucky/2023.jpg,N/A,N/A,N/A,State
Missouri 2024,https://raw.githubusercontent.com/tsapinswiki/tsapinswiki.github.io/main/TSA%20Pins%20Photos/Missouri/2024.jpg,N/A,N/A,N/A,State
New Jersey 2024,https://raw.githubusercontent.com/tsapinswiki/tsapinswiki.github.io/main/TSA%20Pins%20Photos/New-Jersey/2024.jpg,N/A,N/A,N/A,State
North Carolina 2024,https://raw.githubusercontent.com/tsapinswiki/tsapinswiki.github.io/main/TSA%20Pins%20Photos/North%20Carolina/2024.jpg,N/A,N/A,N/A,State
North Carolina 2023,https://raw.githubusercontent.com/tsapinswiki/tsapinswiki.github.io/main/TSA%20Pins%20Photos/North%20Carolina/2023.jpg,N/A,N/A,N/A,State
Ohio 2024,https://raw.githubusercontent.com/tsapinswiki/tsapinswiki.github.io/main/TSA%20Pins%20Photos/Ohio/2024.jpg,N/A,N/A,N/A,State
Oklahoma 2024,https://raw.githubusercontent.com/tsapinswiki/tsapinswiki.github.io/main/TSA%20Pins%20Photos/Oklahoma/2024.jpg,N/A,N/A,N/A,State
Oklahoma 201X,https://raw.githubusercontent.com/tsapinswiki/tsapinswiki.github.io/main/TSA%20Pins%20Photos/Oklahoma/201x.jpg,N/A,N/A,N/A,State
Oklahoma 20XX,https://raw.githubusercontent.com/tsapinswiki/tsapinswiki.github.io/main/TSA%20Pins%20Photos/Oklahoma/20xx.jpg,N/A,N/A,N/A,State
Oregon 2024,https://raw.githubusercontent.com/tsapinswiki/tsapinswiki.github.io/main/TSA%20Pins%20Photos/Oregon/2024.jpg,N/A,N/A,N/A,State
Oregon 20XX,https://raw.githubusercontent.com/tsapinswiki/tsapinswiki.github.io/main/TSA%20Pins%20Photos/Oregon/20xx.jpg,N/A,N/A,N/A,State
Tennessee 2024,https://raw.githubusercontent.com/tsapinswiki/tsapinswiki.github.io/main/TSA%20Pins%20Photos/Tennessee/2024.jpg,N/A,N/A,N/A,State
Texas 2024,https://raw.githubusercontent.com/tsapinswiki/tsapinswiki.github.io/main/TSA%20Pins%20Photos/Texas/2024.jpg,N/A,N/A,N/A,State
Texas 2023,https://raw.githubusercontent.com/tsapinswiki/tsapinswiki.github.io/main/TSA%20Pins%20Photos/Texas/2023.jpg,N/A,N/A,N/A,State
Turkey 2024,https://raw.githubusercontent.com/tsapinswiki/tsapinswiki.github.io/main/TSA%20Pins%20Photos/Turkey/2024.jpg,N/A,N/A,N/A,State
Utah 2024,https://raw.githubusercontent.com/tsapinswiki/tsapinswiki.github.io/main/TSA%20Pins%20Photos/Utah/2024.jpg,N/A,N/A,N/A,State
Utah 2023,https://raw.githubusercontent.com/tsapinswiki/tsapinswiki.github.io/main/TSA%20Pins%20Photos/Utah/2023.jpg,N/A,N/A,N/A,State
Utah 2022,https://raw.githubusercontent.com/tsapinswiki/tsapinswiki.github.io/main/TSA%20Pins%20Photos/Utah/2022.jpg,N/A,N/A,N/A,State
Virginia 20XX,https://raw.githubusercontent.com/tsapinswiki/tsapinswiki.github.io/main/TSA%20Pins%20Photos/Virginia/20xx.jpg,N/A,N/A,N/A,State
Washington 2024,https://raw.githubusercontent.com/tsapinswiki/tsapinswiki.github.io/main/TSA%20Pins%20Photos/Washington/2024.jpg,N/A,N/A,N/A,State
Washington 2023,https://raw.githubusercontent.com/tsapinswiki/tsapinswiki.github.io/main/TSA%20Pins%20Photos/Washington/2023.jpg,N/A,N/A,N/A,State
Washington 2022,https://raw.githubusercontent.com/tsapinswiki/tsapinswiki.github.io/main/TSA%20Pins%20Photos/Washington/2022.jpg,N/A,N/A,N/A,State
Washington 2021,https://raw.githubusercontent.com/tsapinswiki/tsapinswiki.github.io/main/TSA%20Pins%20Photos/Washington/2021.jpg,N/A,N/A,N/A,State
Washington 2020,https://raw.githubusercontent.com/tsapinswiki/tsapinswiki.github.io/main/TSA%20Pins%20Photos/Washington/2020.jpg,N/A,N/A,N/A,State
Washington 2019,https://raw.githubusercontent.com/tsapinswiki/tsapinswiki.github.io/main/TSA%20Pins%20Photos/Washington/2019.jpg,N/A,N/A,N/A,State
Washington 2018,https://raw.githubusercontent.com/tsapinswiki/tsapinswiki.github.io/main/TSA%20Pins%20Photos/Washington/2018.jpg,N/A,N/A,N/A,State
Washington 2017,https://raw.githubusercontent.com/tsapinswiki/tsapinswiki.github.io/main/TSA%20Pins%20Photos/Washington/2017.jpg,N/A,N/A,N/A,State
Washington 2016,https://raw.githubusercontent.com/tsapinswiki/tsapinswiki.github.io/main/TSA%20Pins%20Photos/Washington/2016.jpg,N/A,N/A,N/A,State
Washington 2015,https://raw.githubusercontent.com/tsapinswiki/tsapinswiki.github.io/main/TSA%20Pins%20Photos/Washington/2015.jpg,N/A,N/A,N/A,State
Washington 2014,https://raw.githubusercontent.com/tsapinswiki/tsapinswiki.github.io/main/TSA%20Pins%20Photos/Washington/2014.jpg,N/A,N/A,N/A,State
Washington 2013,https://raw.githubusercontent.com/tsapinswiki/tsapinswiki.github.io/main/TSA%20Pins%20Photos/Washington/2013.jpg,N/A,N/A,N/A,State
Washington 2012,https://raw.githubusercontent.com/tsapinswiki/tsapinswiki.github.io/main/TSA%20Pins%20Photos/Washington/2012.jpg,N/A,N/A,N/A,State
Washington 2011,https://raw.githubusercontent.com/tsapinswiki/tsapinswiki.github.io/main/TSA%20Pins%20Photos/Washington/2011.jpg,N/A,N/A,N/A,State
Washington 2010,https://raw.githubusercontent.com/tsapinswiki/tsapinswiki.github.io/main/TSA%20Pins%20Photos/Washington/2010.jpg,N/A,N/A,N/A,State
Washington 2009,https://raw.githubusercontent.com/tsapinswiki/tsapinswiki.github.io/main/TSA%20Pins%20Photos/Washington/2009.jpg,N/A,N/A,N/A,State
Washington 2008,https://raw.githubusercontent.com/tsapinswiki/tsapinswiki.github.io/main/TSA%20Pins%20Photos/Washington/2008.jpg,N/A,N/A,N/A,State
Washington 2007,https://raw.githubusercontent.com/tsapinswiki/tsapinswiki.github.io/main/TSA%20Pins%20Photos/Washington/2007.jpg,N/A,N/A,N/A,State
Washington 2006,https://raw.githubusercontent.com/tsapinswiki/tsapinswiki.github.io/main/TSA%20Pins%20Photos/Washington/2006.jpg,N/A,N/A,N/A,State
Washington 2005,https://raw.githubusercontent.com/tsapinswiki/tsapinswiki.github.io/main/TSA%20Pins%20Photos/Washington/2005.jpg,N/A,N/A,N/A,State
Washington 2004,https://raw.githubusercontent.com/tsapinswiki/tsapinswiki.github.io/main/TSA%20Pins%20Photos/Washington/2004.jpg,N/A,N/A,N/A,State
Washington 2003,https://raw.githubusercontent.com/tsapinswiki/tsapinswiki.github.io/main/TSA%20Pins%20Photos/Washington/2003.jpg,N/A,N/A,N/A,State
West Virginia 2024,https://raw.githubusercontent.com/tsapinswiki/tsapinswiki.github.io/main/TSA%20Pins%20Photos/West-Virginia/2024.jpg,N/A,N/A,N/A,State
West Virginia 2023,https://raw.githubusercontent.com/tsapinswiki/tsapinswiki.github.io/main/TSA%20Pins%20Photos/West-Virginia/2023.jpg,N/A,N/A,N/A,State